<?xml version="1.0"?>
<doc>
    <assembly>
        <name>Microsoft.Win32.SystemEvents</name>
    </assembly>
    <members>
        <member name="P:System.SR.ErrorCreateSystemEvents">
            <summary>Failed to create system events window thread.</summary>
        </member>
        <member name="P:System.SR.ErrorCreateTimer">
            <summary>Cannot create timer.</summary>
        </member>
        <member name="P:System.SR.ErrorGetTempPath">
            <summary>Cannot get temporary file name</summary>
        </member>
        <member name="P:System.SR.ErrorKillTimer">
            <summary>Cannot end timer.</summary>
        </member>
        <member name="P:System.SR.ErrorSystemEventsNotSupported">
            <summary>System event notifications are not supported under the current context. Server processes, for example, may not support global system event notifications.</summary>
        </member>
        <member name="P:System.SR.InvalidLowBoundArgument">
            <summary>'{1}' is not a valid value for '{0}'. '{0}' must be greater than {2}.</summary>
        </member>
        <member name="P:System.SR.PlatformNotSupported_SystemEvents">
            <summary>SystemEvents is not supported on this platform.</summary>
        </member>
        <member name="T:System.Diagnostics.CodeAnalysis.MemberNotNullAttribute">
            <summary>Specifies that the method or property will ensure that the listed field and property members have not-null values.</summary>
        </member>
        <member name="M:System.Diagnostics.CodeAnalysis.MemberNotNullAttribute.#ctor(System.String)">
            <summary>Initializes the attribute with a field or property member.</summary>
            <param name="member">
            The field or property member that is promised to be not-null.
            </param>
        </member>
        <member name="M:System.Diagnostics.CodeAnalysis.MemberNotNullAttribute.#ctor(System.String[])">
            <summary>Initializes the attribute with the list of field and property members.</summary>
            <param name="members">
            The list of field and property members that are promised to be not-null.
            </param>
        </member>
        <member name="P:System.Diagnostics.CodeAnalysis.MemberNotNullAttribute.Members">
            <summary>Gets field or property member names.</summary>
        </member>
        <member name="T:System.Diagnostics.CodeAnalysis.MemberNotNullWhenAttribute">
            <summary>Specifies that the method or property will ensure that the listed field and property members have not-null values when returning with the specified return value condition.</summary>
        </member>
        <member name="M:System.Diagnostics.CodeAnalysis.MemberNotNullWhenAttribute.#ctor(System.Boolean,System.String)">
            <summary>Initializes the attribute with the specified return value condition and a field or property member.</summary>
            <param name="returnValue">
            The return value condition. If the method returns this value, the associated parameter will not be null.
            </param>
            <param name="member">
            The field or property member that is promised to be not-null.
            </param>
        </member>
        <member name="M:System.Diagnostics.CodeAnalysis.MemberNotNullWhenAttribute.#ctor(System.Boolean,System.String[])">
            <summary>Initializes the attribute with the specified return value condition and list of field and property members.</summary>
            <param name="returnValue">
            The return value condition. If the method returns this value, the associated parameter will not be null.
            </param>
            <param name="members">
            The list of field and property members that are promised to be not-null.
            </param>
        </member>
        <member name="P:System.Diagnostics.CodeAnalysis.MemberNotNullWhenAttribute.ReturnValue">
            <summary>Gets the return value condition.</summary>
        </member>
        <member name="P:System.Diagnostics.CodeAnalysis.MemberNotNullWhenAttribute.Members">
            <summary>Gets field or property member names.</summary>
        </member>
        <member name="T:System.Runtime.Versioning.OSPlatformAttribute">
            <summary>
            Base type for all platform-specific API attributes.
            </summary>
        </member>
        <member name="T:System.Runtime.Versioning.TargetPlatformAttribute">
            <summary>
            Records the platform that the project targeted.
            </summary>
        </member>
        <member name="T:System.Runtime.Versioning.SupportedOSPlatformAttribute">
             <summary>
             Records the operating system (and minimum version) that supports an API. Multiple attributes can be
             applied to indicate support on multiple operating systems.
             </summary>
             <remarks>
             Callers can apply a <see cref="T:System.Runtime.Versioning.SupportedOSPlatformAttribute" />
             or use guards to prevent calls to APIs on unsupported operating systems.
            
             A given platform should only be specified once.
             </remarks>
        </member>
        <member name="T:System.Runtime.Versioning.UnsupportedOSPlatformAttribute">
            <summary>
            Marks APIs that were removed in a given operating system version.
            </summary>
            <remarks>
            Primarily used by OS bindings to indicate APIs that are only available in
            earlier versions.
            </remarks>
        </member>
        <member name="T:System.Runtime.Versioning.SupportedOSPlatformGuardAttribute">
             <summary>
             Annotates a custom guard field, property or method with a supported platform name and optional version.
             Multiple attributes can be applied to indicate guard for multiple supported platforms.
             </summary>
             <remarks>
             Callers can apply a <see cref="T:System.Runtime.Versioning.SupportedOSPlatformGuardAttribute" /> to a field, property or method
             and use that field, property or method in a conditional or assert statements in order to safely call platform specific APIs.
            
             The type of the field or property should be boolean, the method return type should be boolean in order to be used as platform guard.
             </remarks>
        </member>
        <member name="T:System.Runtime.Versioning.UnsupportedOSPlatformGuardAttribute">
             <summary>
             Annotates the custom guard field, property or method with an unsupported platform name and optional version.
             Multiple attributes can be applied to indicate guard for multiple unsupported platforms.
             </summary>
             <remarks>
             Callers can apply a <see cref="T:System.Runtime.Versioning.UnsupportedOSPlatformGuardAttribute" /> to a field, property or method
             and use that  field, property or method in a conditional or assert statements as a guard to safely call APIs unsupported on those platforms.
            
             The type of the field or property should be boolean, the method return type should be boolean in order to be used as platform guard.
             </remarks>
        </member>
    </members>
</doc>
