<?xml version="1.0"?>
<doc>
    <assembly>
        <name>Microsoft.Win32.SystemEvents</name>
    </assembly>
    <members>
        <member name="P:System.SR.ErrorCreateSystemEvents">
            <summary>Failed to create system events window thread.</summary>
        </member>
        <member name="P:System.SR.ErrorCreateTimer">
            <summary>Cannot create timer.</summary>
        </member>
        <member name="P:System.SR.ErrorGetTempPath">
            <summary>Cannot get temporary file name</summary>
        </member>
        <member name="P:System.SR.ErrorKillTimer">
            <summary>Cannot end timer.</summary>
        </member>
        <member name="P:System.SR.ErrorSystemEventsNotSupported">
            <summary>System event notifications are not supported under the current context. Server processes, for example, may not support global system event notifications.</summary>
        </member>
        <member name="P:System.SR.InvalidLowBoundArgument">
            <summary>'{1}' is not a valid value for '{0}'. '{0}' must be greater than {2}.</summary>
        </member>
        <member name="P:System.SR.PlatformNotSupported_SystemEvents">
            <summary>SystemEvents is not supported on this platform.</summary>
        </member>
    </members>
</doc>
